{
  "timestamp": "2025-11-02T04:41:21.897Z",
  "iterations": 100000,
  "original": {
    "push": 15.2644,
    "get": 0.3499,
    "forEach": 0.913,
    "size": 0.0358,
    "remove": 0.2307
  },
  "optimized": {
    "push": 13.5608,
    "get": 0.2905,
    "forEach": 0.8911,
    "size": 0.0264,
    "remove": 0.2185
  },
  "improvements": {
    "push": 11.160608998715965,
    "get": 16.9762789368391,
    "forEach": 2.3986856516977033,
    "size": 26.256983240223462,
    "remove": 5.288253142609445
  }
}