{
  "timestamp": "2025-11-02T04:41:32.747Z",
  "iterations": 100000,
  "original": {
    "push": 14.7824,
    "get": 0.2772,
    "forEach": 0.8454,
    "size": 0.0178,
    "remove": 0.2155
  },
  "optimized": {
    "push": 14.4195,
    "get": 0.3014,
    "forEach": 0.8042,
    "size": 0.0175,
    "remove": 0.2072
  },
  "improvements": {
    "push": 2.4549464227730375,
    "get": -8.73015873015873,
    "forEach": 4.873432694582448,
    "size": 1.6853932584269562,
    "remove": 3.851508120649653
  }
}