{
  "timestamp": "2025-11-02T04:41:24.624Z",
  "iterations": 100000,
  "original": {
    "push": 15.5105,
    "get": 0.3046,
    "forEach": 0.9184,
    "size": 0.0404,
    "remove": 0.2427
  },
  "optimized": {
    "push": 14.833,
    "get": 0.3496,
    "forEach": 0.8627,
    "size": 0.0162,
    "remove": 0.2457
  },
  "improvements": {
    "push": 4.368008768253765,
    "get": -14.77347340774788,
    "forEach": 6.064895470383272,
    "size": 59.900990099009896,
    "remove": -1.2360939431396796
  }
}