{
  "timestamp": "2025-11-02T04:41:50.044Z",
  "iterations": 100000,
  "original": {
    "push": 15.3632,
    "get": 0.3041,
    "forEach": 0.9991,
    "size": 0.0275,
    "remove": 0.2524
  },
  "optimized": {
    "push": 14.2583,
    "get": 0.3432,
    "forEach": 0.9231,
    "size": 0.0195,
    "remove": 0.2331
  },
  "improvements": {
    "push": 7.191861070610293,
    "get": -12.857612627425198,
    "forEach": 7.606846161545387,
    "size": 29.09090909090909,
    "remove": 7.646592709984157
  }
}