{
  "timestamp": "2025-11-02T04:41:08.407Z",
  "iterations": 100000,
  "original": {
    "push": 13.655,
    "get": 0.2806,
    "forEach": 0.8706,
    "size": 0.0171,
    "remove": 0.2064
  },
  "optimized": {
    "push": 12.8928,
    "get": 0.2873,
    "forEach": 5.6075,
    "size": 0.0381,
    "remove": 0.2262
  },
  "improvements": {
    "push": 5.581838154522154,
    "get": -2.3877405559515266,
    "forEach": -544.0960257293821,
    "size": -122.80701754385966,
    "remove": -9.593023255813959
  }
}