{
  "timestamp": "2025-11-02T04:41:03.201Z",
  "iterations": 100000,
  "original": {
    "push": 14.3004,
    "get": 0.2787,
    "forEach": 0.8442,
    "size": 0.0239,
    "remove": 0.2173
  },
  "optimized": {
    "push": 13.4008,
    "get": 3.6513,
    "forEach": 3.0475,
    "size": 0.0428,
    "remove": 0.2373
  },
  "improvements": {
    "push": 6.290733126346113,
    "get": -1210.118406889128,
    "forEach": -260.9926557687752,
    "size": -79.07949790794977,
    "remove": -9.203865623561905
  }
}