{
  "timestamp": "2025-11-02T04:41:27.096Z",
  "iterations": 100000,
  "original": {
    "push": 13.3861,
    "get": 0.2766,
    "forEach": 0.8464,
    "size": 0.0215,
    "remove": 0.2184
  },
  "optimized": {
    "push": 13.6334,
    "get": 0.3149,
    "forEach": 0.8218,
    "size": 0.0172,
    "remove": 0.2153
  },
  "improvements": {
    "push": -1.8474387611029288,
    "get": -13.846710050614606,
    "forEach": 2.9064272211720303,
    "size": 19.999999999999993,
    "remove": 1.4194139194139281
  }
}